Max,Min,Mean,Std,RMS,Skewness,Kurtosis,Crest Factor,Form Factor,Fault
0.427,-0.957,-0.1145437255859375,0.114860042054069,0.1622121211291281,0.0126484269407886,4.174285029043868,2.6323556897458285,-1.4161589410449809,Inner Race
0.63,-0.854,-0.1141332275390624,0.1144666993446216,0.1616437409831368,-0.0230188944294483,4.360105254147673,3.8974599088604576,-1.416272407856106,Inner Race
0.645,-0.718,-0.1139592529296875,0.1148011305157447,0.1617581192266471,0.073040392491648,3.947496087524631,3.987435085692727,-1.4194382208389111,Inner Race
0.815,-0.75,-0.1144642333984375,0.1128412358167228,0.1607323687386942,0.0205317469869912,4.516739581089804,5.070540591142295,-1.4042147836626169,Inner Race
0.723,-0.728,-0.1152170654296875,0.1160002663584904,0.1634952765199531,-0.0459456183940625,4.3385099274322965,4.422146103479413,-1.4190196210102917,Inner Race
0.5,-0.754,-0.113781201171875,0.1161020707835484,0.1625592922177262,-0.003243562645056,4.093122338619418,3.075800793536412,-1.4287007919011887,Inner Race
0.637,-0.964,-0.11473779296875,0.1176488007204362,0.1643339999068684,0.0263672373394875,4.456181713297344,3.876252025515119,-1.4322569369242306,Inner Race
0.664,-0.754,-0.1143548828125,0.1172353258184254,0.1637706484476652,0.0028231877498286,4.304108758721558,4.054450576424192,-1.4321264157665126,Inner Race
0.52,-0.828,-0.1142925537109375,0.1168225058443231,0.1634317977464864,0.0437483320280494,4.441870244069589,3.1817553693352765,-1.4299426554054362,Inner Race
0.579,-0.82,-0.114818310546875,0.1145133716412747,0.1621611438423694,-0.0526332845690549,4.001950168418841,3.570522421590856,-1.412328252088037,Inner Race
0.891,-0.671,-0.1141825927734375,0.1136371816470218,0.1610923904980219,-0.0256018549005087,4.154258252520864,5.530987511237787,-1.4108314287245467,Inner Race
0.706,-1.104,-0.115094580078125,0.1157222683395573,0.1632117606319892,-0.0557850141068485,5.1746862077114,4.325668672810243,-1.4180664330258017,Inner Race
0.591,-0.913,-0.1140570556640625,0.1171816628966096,0.1635243676741854,0.0829116518007541,4.683694295921046,3.614140255705129,-1.4337067244294055,Inner Race
0.493,-0.796,-0.113368212890625,0.1169517668935177,0.1628795062152445,0.0296435861604971,3.960857335062552,3.026777348824369,-1.4367299445073447,Inner Race
0.64,-0.977,-0.1148673095703125,0.117837532311559,0.1645595449168543,0.0420049537934938,4.637921754523219,3.889169724693683,-1.4326055475002155,Inner Race
0.693,-1.318,-0.1154485595703125,0.1182874091781237,0.165287445008806,-0.1682908638228525,5.4569967458820585,4.19269594229059,-1.4316977675944045,Inner Race
0.483,-0.659,-0.1139058837890625,0.1151711528450911,0.16198339720996,0.0423462815996719,3.818017864896504,2.9817870739798344,-1.4220810358658051,Inner Race
0.605,-1.028,-0.1140875,0.1171070978840046,0.1634921870146819,0.0362255488129789,4.254355782854735,3.700482641079782,-1.4330420687163972,Inner Race
0.552,-0.823,-0.1148906982421874,0.1160184130481697,0.1632783393131715,0.0267427468840977,4.124839328976113,3.380730122084666,-1.421162390091701,Inner Race
0.598,-0.869,-0.1140922607421875,0.1146305163806388,0.161730882772533,0.0341230449788302,4.288191718346482,3.6975003768517065,-1.4175447284544018,Inner Race
0.535,-0.935,-0.1137412353515624,0.1189026282904116,0.1645434850478124,-0.0333052789980264,4.4002491403055775,3.2514201327663725,-1.4466475991686345,Inner Race
0.762,-0.845,-0.1150574462890625,0.1169287065514844,0.1640433008855579,-0.0425373203599209,4.474258107526858,4.645115014672843,-1.42575127622272,Inner Race
0.647,-0.85,-0.114814990234375,0.1159872245364557,0.1632029098849707,-0.0303843589719571,4.687606186558451,3.964390098534524,-1.4214425272503193,Inner Race
0.554,-0.781,-0.1148567626953125,0.1179156586584981,0.1646081378246104,-0.001205188798127,4.18969314333174,3.365568721701267,-1.4331601723903398,Inner Race
0.466,-1.086,-0.1148497314453124,0.1155679316559875,0.1629296828922919,-0.0437697260233771,4.342700976973039,2.860129546241485,-1.418633555707298,Inner Race
0.649,-0.886,-0.1149979248046874,0.1184642741224364,0.165099861693021,-0.1144743351352782,4.38203968276067,3.930954231849813,-1.4356768782865146,Inner Race
0.513,-0.764,-0.1146468017578124,0.1170046232813533,0.1638097579266637,-0.0262591725602894,4.125560717797705,3.131681570701458,-1.4288209999325268,Inner Race
0.662,-0.845,-0.11410390625,0.1160750068128227,0.1627660274366245,0.0323733475935144,4.203850839853636,4.067187793581557,-1.4264720007043976,Inner Race
0.842,-0.757,-0.1145923828125,0.117251750969375,0.1639483200894606,0.0393476976868078,4.217376640099779,5.135764730864891,-1.4307087091270152,Inner Race
0.569,-0.989,-0.11457158203125,0.1148448755755779,0.1622210555063965,-0.0241233493003528,4.043949027680461,3.507559473237208,-1.4158926029506154,Inner Race
0.808,-0.759,-0.1144515380859374,0.1175203590280476,0.1640422267980155,0.0381911673385887,4.475322972566582,4.925561032494925,-1.4332898407607435,Inner Race
0.527,-0.659,-0.1147876953125,0.1145399430957599,0.162158235257167,0.0585000080234696,3.815369283938069,3.2499120329240734,-1.4126795978933515,Inner Race
0.547,-0.903,-0.11394970703125,0.1161996128144373,0.1627469081227524,-0.0273053215200606,4.260387442274901,3.361046955112802,-1.4282345462996242,Inner Race
0.637,-0.723,-0.1140832763671874,0.1145285056504124,0.1616522573901643,0.0454800249236372,4.049191697654798,3.940557405657102,-1.416967171155496,Inner Race
0.708,-0.881,-0.11444384765625,0.1176605901490418,0.1641373533110398,0.0647470244000101,4.724249544365838,4.313460560426741,-1.4342173622478342,Inner Race
0.52,-0.774,-0.1140087158203125,0.1151709821652139,0.1620556033560751,0.0182814713935379,3.9134506354138585,3.208775193397262,-1.4214317053749528,Inner Race
0.911,-1.541,-0.11430078125,0.1156063907335234,0.162570538175933,-0.0107397068901891,5.954540164050721,5.603721376711691,-1.4223046981661205,Inner Race
0.603,-1.155,-0.1148911865234375,0.1167042856152766,0.1637667319844992,-0.0638597760396699,5.000529293935369,3.68206651432157,-1.4254072652569505,Inner Race
0.557,-1.052,-0.1151992431640624,0.1190618461575457,0.1656690760191033,-0.0637841878763099,4.575768857262314,3.3621241415976284,-1.4381090662476277,Inner Race
0.613,-0.732,-0.1150845703125,0.1165961674018492,0.1638254945842717,-0.0140241030223005,3.824124061855827,3.741786353556059,-1.4235226680641972,Inner Race
0.601,-0.801,-0.114681494140625,0.1164499476877359,0.1634383808831424,-0.0353568553550645,4.125403067441674,3.677226834679132,-1.4251504317054904,Inner Race
0.625,-0.918,-0.1149533447265625,0.1181763615494133,0.1648623150831332,-0.014612859828787,4.4209693085483375,3.791042238396557,-1.434167187351428,Inner Race
0.586,-0.84,-0.1137992187499999,0.1175461781639546,0.1636063227916998,0.0773388872252008,4.098236629717061,3.581768662731226,-1.4376752721924977,Inner Race
0.51,-0.767,-0.1143819091796874,0.1173659130984299,0.1638830143951061,0.0081702726272379,4.064270286287234,3.111975953593575,-1.4327704054813004,Inner Race
0.481,-0.759,-0.1143529785156249,0.1178281509114487,0.1641942078473689,-0.0107131835943456,4.133474579010841,2.9294577823788166,-1.4358542294106815,Inner Race
0.649,-0.747,-0.114127001953125,0.1143210322038615,0.1615362247432348,0.0134099796675101,3.987197672701893,4.017674679667666,-1.4154075896042733,Inner Race
0.525,-0.83,-0.1146296386718749,0.1175503413707593,0.1641880003620563,-0.0462248287492781,4.124864967841729,3.1975540163855163,-1.4323346236137164,Inner Race
0.513,-0.762,-0.112581201171875,0.1178829249379076,0.1630048207324901,-0.0177821996653725,4.225455264037639,3.147146186810589,-1.4478866723373702,Inner Race
0.813,-0.808,-0.1142336181640625,0.1193661676409576,0.1652188053391481,-0.0192396925781906,4.461717250527691,4.920747358819947,-1.4463238405165508,Inner Race
0.508,-0.898,-0.1146515625,0.1178362269372956,0.1644080842418112,0.0204381766231116,4.041060748846032,3.0898723888348107,-1.4339803196472896,Inner Race
0.74,-0.63,-0.1155931640625,0.1160113058022815,0.1637683549171378,0.0410341461126379,3.9149616030030847,4.5185774771592415,-1.4167650504712372,Inner Race
0.564,-0.742,-0.1148132568359375,0.1163005638545992,0.1634245234899881,0.0203965993742616,3.952362788425521,3.451134431697163,-1.4233941967478003,Inner Race
0.642,-0.908,-0.1147946777343749,0.1181349128919103,0.1647219929485358,-0.020498761226796,4.256092692005663,3.8974759138603927,-1.4349270906939466,Inner Race
0.515,-0.981,-0.115318896484375,0.118364283796495,0.1652519576933488,0.0260981118676507,4.2376733531485264,3.1164532462342374,-1.4329998181671768,Inner Race
0.889,-0.955,-0.114348486328125,0.1153646270966108,0.1624322892284178,-0.0644792662482269,4.796642684681355,5.473049750286151,-1.420502312224016,Inner Race
0.623,-0.947,-0.11496103515625,0.1181122453343226,0.1648217264612644,-0.036482333713696,4.480861193462647,3.779841489200845,-1.4337181831848151,Inner Race
0.454,-0.828,-0.11679912109375,0.1143683236697503,0.1634681278065964,-0.0075568823431086,3.894593523455602,2.7772998081750813,-1.3995664203276588,Inner Race
0.486,-0.769,-0.1141713134765624,0.116256435101212,0.1629426818047099,-0.0087818993286409,3.7692995150422473,2.9826439249507435,-1.4271770801529702,Inner Race
0.496,-0.623,-0.1138523193359375,0.1163274850724766,0.1627700956205418,0.0452103701749197,3.9467901631201103,3.0472427881120208,-1.4296599012644216,Inner Race
0.774,-0.972,-0.1152323486328125,0.118536988511616,0.1653153615802659,-0.0365841033508993,4.635453737475855,4.681960542573039,-1.4346263314222882,Inner Race
0.486,-0.708,-0.1145267333984374,0.1152184016478968,0.1624540816283029,-0.0100218043349639,3.96520273529159,2.991614585049173,-1.418481753628008,Inner Race
0.83,-1.13,-0.114739794921875,0.1168273360529824,0.1637483244785461,-0.0329895056581226,4.75197578621561,5.068754154542473,-1.4271275679901687,Inner Race
1.047,-0.82,-0.1155927978515624,0.1178896290174955,0.1651039679694519,0.0931670204142007,4.8205225043743,6.34145873582953,-1.4283240049390344,Inner Race
0.598,-1.272,-0.114723388671875,0.1165921399271478,0.1635691019815383,-0.0905850291065405,4.76483315846774,3.655947197579498,-1.4257694431374313,Inner Race
0.623,-0.862,-0.114436474609375,0.1181594962830026,0.1644902198365453,-0.0271849743087998,4.348419928922178,3.787459221703746,-1.4373932821508792,Inner Race
0.437,-0.708,-0.1148083740234375,0.1103427085984659,0.159236235929539,0.020857667361251,3.683216952576705,2.7443502256193093,-1.3869740538005688,Inner Race
0.493,-0.781,-0.1153445068359375,0.111894208369549,0.1606996062600915,0.0030517581484437,3.8058752522640393,3.067835768073271,-1.393214212521327,Inner Race
0.483,-0.706,-0.1149703857421875,0.111163003015976,0.1599221721571494,-0.0071087195697351,3.760432768554866,3.020219107112766,-1.3909857840762834,Inner Race
0.583,-0.806,-0.115243505859375,0.1135680742754327,0.1617975841969005,0.0288369253338709,4.03287278706376,3.603267643913117,-1.40396270479946,Inner Race
0.61,-0.75,-0.114209033203125,0.113799467327726,0.1612256364830823,-0.0159447242149188,3.992598462543273,3.783517394046749,-1.4116714935878716,Inner Race
0.679,-0.886,-0.1158022216796875,0.1155390163890865,0.1635820679180207,0.0460685049001222,4.300921661606995,4.150821716841735,-1.4125987010032826,Inner Race
0.618,-0.771,-0.117111474609375,0.118010083754914,0.166256240043842,-0.0172841033333534,4.2095601718379285,3.717153713069852,-1.4196409070792528,Inner Race
0.491,-0.864,-0.11680712890625,0.1160378736143979,0.1646461804783024,-0.0343794789893356,4.169853011776149,2.9821523862480697,-1.409555923683805,Inner Race
0.513,-0.769,-0.1150419677734374,0.1172874591604128,0.1642883640954174,0.036808293274703,3.961506023832192,3.1225583310456093,-1.4280733133752137,Inner Race
0.779,-0.964,-0.116322607421875,0.1165201948636708,0.1646437771063448,-0.0187749343132183,4.459464864352506,4.731426924789495,-1.4154065211865494,Inner Race
0.496,-0.796,-0.1153689697265624,0.1159601070347446,0.1635738894492954,-0.0050104946342298,4.102934985644853,3.032268791002552,-1.417832627239231,Inner Race
0.537,-0.94,-0.1148163330078125,0.1131414277453795,0.1611938599129408,0.030339165860398,3.941157119277963,3.3313924009886486,-1.403927957723338,Inner Race
0.64,-0.935,-0.1168551025390625,0.1178383514523761,0.1659537678142855,0.0185017818186154,4.139726866786545,3.856495748359307,-1.4201670633835637,Inner Race
0.601,-0.789,-0.1147709716796875,0.115795278653301,0.1630355640392658,0.0142139300607036,4.248545732287812,3.686312268992143,-1.4205296134834446,Inner Race
0.481,-0.674,-0.114014306640625,0.1161201441547511,0.1627354319156748,0.0446945022813973,3.868035727423675,2.9557177213210784,-1.4273246639881754,Inner Race
0.72,-0.725,-0.1162166748046874,0.1166690661157979,0.164674388338942,-0.018457856989593,4.108552698432381,4.372264608131142,-1.4169600757868186,Inner Race
0.688,-1.006,-0.1151192138671875,0.114934804346611,0.1626718172935974,0.003740778282867,4.346593755782731,4.229374279124615,-1.4130726907262516,Inner Race
0.869,-0.801,-0.1150760009765625,0.1161146564938966,0.1634771246630119,-0.0470490197598135,4.348622241170582,5.315728434735669,-1.4206013701875793,Inner Race
0.696,-0.83,-0.115792333984375,0.1184605782781474,0.1656515336941809,-0.0512482298333918,4.464168480060761,4.201591041619491,-1.4305915425846236,Inner Race
0.549,-0.813,-0.1141722412109375,0.1154553292449392,0.1623727448692273,-0.0231776351637053,4.122583930498492,3.3811093138947474,-1.4221735786830845,Inner Race
0.476,-0.735,-0.1137913330078125,0.1157145634309899,0.1622898664637935,-0.0595684513402421,3.969929306581685,2.933023548369204,-1.4262058644892692,Inner Race
0.527,-0.742,-0.1151407470703125,0.1148931666675466,0.1626576438611026,-0.0267826792061482,4.004358413350917,3.2399338112263463,-1.412685326435942,Inner Race
0.576,-0.735,-0.1147578857421875,0.1152653155544632,0.1626503641015992,0.0243643703910022,4.120808450034179,3.541338521936555,-1.4173349661303964,Inner Race
0.522,-0.762,-0.113646142578125,0.1157739238142624,0.1622304531272566,0.030271013724401,4.047898285082706,3.217644960841806,-1.4275051440107855,Inner Race
0.596,-0.981,-0.1153616210937499,0.1170800048014756,0.1643645231927346,0.0699374904502726,4.34152216093766,3.626086630027378,-1.4247764692831582,Inner Race
0.574,-0.813,-0.11432958984375,0.1154802265334229,0.1625011146295907,-0.0531433327621942,4.261709368919888,3.5322834634604856,-1.4213390851106429,Inner Race
0.613,-0.869,-0.1147771972656249,0.1171373680129061,0.1639958322879349,-0.0533303151201536,4.1565772981301805,3.737899868843788,-1.428818930892736,Inner Race
0.603,-0.784,-0.1165438720703125,0.1178759641216046,0.1657615088240246,0.0407242105993017,4.058456548760023,3.637756462751287,-1.4223099497159182,Inner Race
0.525,-0.994,-0.11492841796875,0.1180175497434576,0.1647311241439174,0.0333175665701765,4.264428965030947,3.187011578585073,-1.4333367417335303,Inner Race
0.586,-0.74,-0.115325341796875,0.116674817441912,0.164050648083812,-0.0221630506285021,3.8953226707619466,3.5720675708676115,-1.4225030294968295,Inner Race
0.437,-0.864,-0.115648974609375,0.1168310577542683,0.1643893188273838,0.0101295362777848,3.948933792396265,2.658323564555126,-1.4214507252021733,Inner Race
0.632,-1.038,-0.114299755859375,0.1165356453811009,0.1632319186842565,-0.0589099990053034,4.070562659459255,3.871791773902338,-1.4281038262678676,Inner Race
0.635,-0.803,-0.115201513671875,0.1156478268352202,0.1632344390135798,0.0251601123521193,4.113140605149487,3.890110468337952,-1.4169469984440966,Inner Race
0.581,-0.891,-0.1159570556640624,0.1166268035674347,0.1644612963379653,0.0629971805231786,4.229875862873415,3.532746080306057,-1.4182948626638452,Inner Race
0.447,-0.754,-0.114489208984375,0.1174342589564438,0.1640068518719187,-0.0699494470468599,3.7580889547439087,2.7254958856785136,-1.4325092585302228,Inner Race
0.454,-0.759,-0.1146530761718749,0.1184704989352076,0.1648643209913458,0.0203665237963543,3.8064553156243086,2.7537795762603587,-1.4379406684579463,Inner Race
0.547,-0.779,-0.1153557373046874,0.1200191635242888,0.1664667956902601,0.0087818470725452,4.009570042973537,3.285940584918729,-1.4430733969527128,Inner Race
0.466,-0.825,-0.1148082763671874,0.1191914809495352,0.1654907931345568,-0.0520344007462844,4.007224895523534,2.815866618157457,-1.4414535116377252,Inner Race
0.52,-0.723,-0.114416943359375,0.1181034388250156,0.1644363665748661,-0.0255741484643923,3.911077658517272,3.1623175020913004,-1.4371679730892992,Inner Race
0.486,-0.808,-0.1147281494140624,0.1201398472556013,0.1661197724058749,0.034917024959174,3.729954726963138,2.92559996297474,-1.4479425777743198,Inner Race
0.659,-0.823,-0.1148621337890625,0.1192135713514313,0.1655440678590456,0.0201483375756842,4.088740136950838,3.9808131364822623,-1.4412414465767935,Inner Race
0.647,-1.135,-0.114518896484375,0.1194706677167728,0.1654915998741514,-0.0370670887800057,4.718518325221333,3.909563992927816,-1.4451029913367286,Inner Race
0.742,-1.125,-0.11493173828125,0.1189702446734475,0.1654172845483317,0.0015557892198914,4.908540639017023,4.485625562201766,-1.4392654894293713,Inner Race
0.73,-0.786,-0.1147775390625,0.117220565293202,0.1640555056544792,-0.0022964119163666,4.283211293960422,4.449713510605784,-1.4293345805675954,Inner Race
0.576,-0.862,-0.1148416748046875,0.1198812192656268,0.1660113434006704,-0.0032712296931784,4.10025590888622,3.46964242443251,-1.4455670703427803,Inner Race
0.396,-0.869,-0.114581591796875,0.117953036022838,0.1644430607074793,-0.022788108564319,3.847687400701181,2.40812837158527,-1.4351612517217995,Inner Race
0.559,-0.859,-0.11445087890625,0.1179395910688676,0.1643423598177558,-0.010752369049845,3.942574021452555,3.40143588433251,-1.4359204698844945,Inner Race
0.833,-0.999,-0.11403623046875,0.1178886729432896,0.1640172605782029,-0.0057362672860392,4.307114905155667,5.078733769015902,-1.4382907949868573,Inner Race
0.569,-0.808,-0.1144570068359374,0.1154311659320619,0.1625559447718356,0.0072235839033637,3.948661305856772,3.500333382446587,-1.4202358533177708,Inner Race
0.513,-0.72,-0.114342724609375,0.1167091781826747,0.1633859186051157,0.0134460034634697,3.890401113515357,3.139805464140762,-1.4289139878666108,Inner Race
0.466,-0.886,-0.1146354492187499,0.1159080082935394,0.1630203196211288,0.0393831130924077,3.907984259286666,2.858539359283666,-1.42207598724588,Inner Race
0.789,-0.92,-0.115018603515625,0.1174920910544252,0.1644181668604476,-0.0464708464889987,4.084457697912951,4.798739792967498,-1.4294919416067489,Inner Race
0.452,-0.784,-0.11449521484375,0.1179550834865049,0.1643843552767891,-0.0769630428931129,4.026789384690369,2.749653391522118,-1.4357312268562674,Inner Race
0.623,-1.028,-0.1147459716796875,0.1190138825996974,0.1653196795906674,0.0208772393398,4.367438675765825,3.768456372178751,-1.4407449531401069,Inner Race
0.508,-0.696,-0.115355029296875,0.1208163439225488,0.1670419569475267,0.038025918003887,3.8046156490957097,3.041152111020701,-1.4480682633925868,Inner Race
0.459,-0.945,-0.1147339111328125,0.11988178427382,0.1659372221484255,-0.0613433393380208,4.131819600796113,2.766106326580778,-1.4462787898543934,Inner Race
0.576,-0.701,-0.1147622802734374,0.1200808392393073,0.1661006829897109,0.0414239618078034,3.9859211041105658,3.4677762284438063,-1.4473456138545902,Inner Race
0.53,-0.798,-0.1142064453124999,0.1172954330574682,0.1637100939864334,-0.0127157958626166,4.058696905144228,3.237430185849877,-1.4334575735938366,Inner Race
0.535,-0.942,-0.114121435546875,0.1172270023160757,0.1636017622799148,0.0456009725082938,4.048113073885067,3.2701359236255696,-1.4335760980917205,Inner Race
0.637,-0.85,-0.1148101318359375,0.1198510074256332,0.1659677066874334,0.040452034796433,4.084540927980948,3.838096053225947,-1.4455841486585836,Inner Race
0.579,-0.74,-0.1165203857421875,0.1183622223867064,0.166091161565555,-0.0012665802141939,4.041267797250507,3.486037393816844,-1.425425778567603,Inner Race
0.684,-0.688,-0.114671142578125,0.1188821488444051,0.1651729130666935,0.0531837991618484,3.792208057963811,4.141114831121339,-1.4404052262247395,Inner Race
0.42,-0.83,-0.1139487548828125,0.1168494243432434,0.1632108248991402,-0.0084958065630143,3.921776370120521,2.5733587233539708,-1.4323177560561322,Inner Race
0.679,-0.845,-0.11565703125,0.1193605458889783,0.1662021087916662,0.0123350266390887,4.1001888870535,4.085387393315954,-1.4370255486880852,Inner Race
0.525,-0.94,-0.1150300048828125,0.118966441641218,0.1654828411876562,-0.018315648859082,4.196963698968516,3.172534362065092,-1.438605878146688,Inner Race
0.701,-0.813,-0.1143420410156249,0.1174230680434941,0.1638961336546812,-0.0126386972287213,4.175390073938782,4.277099064929516,-1.43338471308453,Inner Race
0.581,-0.769,-0.1151149169921875,0.1150996133627635,0.1627852624619461,0.0745874130684417,3.883804874820545,3.56911916480043,-1.414110931192296,Inner Race
0.522,-0.842,-0.1147306396484374,0.1208562080801015,0.1666402895712751,-0.0082622398415535,4.227321517727083,3.1324957568363496,-1.452448012857781,Inner Race
0.479,-0.823,-0.1148861328125,0.1150653159188256,0.1625992841228571,0.0570589131132757,3.7137576978859146,2.9458924286411743,-1.4153081850899047,Inner Race
0.823,-1.475,-0.1151804687499999,0.1194725970963415,0.1659514789309664,0.0045752010396022,5.486350441927455,4.959280901270887,-1.4407953078500253,Inner Race
0.474,-0.872,-0.11453935546875,0.1174436497992568,0.1640485845289056,-0.0624174841987489,4.033075053066906,2.889387929564734,-1.432246443657205,Inner Race
1.14,-1.272,-0.1151523681640624,0.1188734909885027,0.1655011473094437,-0.0376407399448308,5.49717601335826,6.888169771225206,-1.4372361589094471,Inner Race
0.64,-0.981,-0.11571787109375,0.1180851956158244,0.1653311787946866,0.0120425833510405,4.124764644995913,3.871018187046086,-1.4287436956106967,Inner Race
0.735,-0.72,-0.1142668212890625,0.1178443837626442,0.1641458686245969,0.0425476285366972,3.975009409909047,4.477724636987066,-1.4365138259106258,Inner Race
0.515,-1.145,-0.1127612548828125,0.1184803195906949,0.1635614380548015,-0.0229417935493882,4.587901631527847,3.148663927908535,-1.450510977594062,Inner Race
0.498,-0.754,-0.1148989990234375,0.1151491545565437,0.1626677105562661,-0.0437566014969113,3.785678798091928,3.0614557633903847,-1.4157452365889158,Inner Race
1.172,-0.928,-0.1145874755859374,0.1195238840187328,0.1655774732075262,0.0347625318150079,4.760591050882641,7.0782575509597,-1.4449875290545835,Inner Race
0.457,-0.859,-0.1139639892578125,0.1163673266761161,0.1628766863790527,-0.012173077161677,3.966145932037372,2.805803642987016,-1.429194322169511,Inner Race
0.637,-0.715,-0.1162092041015625,0.1196991504831333,0.1668296015171852,-0.0137426495528462,3.895935785223963,3.8182672272005767,-1.4355971440212465,Inner Race
0.623,-0.837,-0.113809716796875,0.1159355003168337,0.1624603450713531,0.0178216531795659,4.127830541101107,3.834781956953104,-1.427473414781522,Inner Race
0.559,-0.933,-0.1139596435546875,0.1176130418584418,0.163765961844301,-0.0268908969952678,4.083140117022285,3.413407729571204,-1.4370522470589533,Inner Race
0.649,-0.854,-0.1154209472656249,0.1188750159470964,0.1656892256075267,0.0318876153604726,4.125775516948477,3.916971653529885,-1.4355212769673114,Inner Race
0.54,-0.83,-0.1141444091796874,0.1159874938451439,0.1627320387344301,-0.0045977082267329,4.0573229661428085,3.3183385656542463,-1.425668062973241,Inner Race
0.818,-0.764,-0.1148300048828125,0.1181818344868854,0.1647802628781119,0.0265442849944664,4.230180895255062,4.96418676431579,-1.4349930843099348,Inner Race
0.547,-1.279,-0.1153346923828125,0.1185639152714489,0.1654060158314751,-0.0524779794809969,5.1681170440076265,3.307013939307469,-1.4341393072126871,Inner Race
0.649,-1.067,-0.1141909667968749,0.1172119415029137,0.1636394839667084,-0.063557494327583,4.453899461770174,3.966035484028021,-1.433033527580105,Inner Race
0.513,-0.864,-0.114198583984375,0.1186371537722431,0.1646685981503361,-0.0399762332450602,4.112943588664522,3.1153480734174384,-1.4419495619391092,Inner Race
0.435,-0.767,-0.1155538330078124,0.1173414717987091,0.1646856799146341,-0.0405195560436741,3.785440395675808,2.6413954159553223,-1.4251857824871967,Inner Race
0.605,-0.923,-0.1147941162109375,0.1176427271230671,0.1643689827053326,-0.0764585110646361,4.053304836074518,3.680743106408311,-1.431858950011862,Inner Race
0.61,-0.793,-0.1141542724609375,0.1165325464180507,0.1631278662792961,0.0053511814680341,4.038868445562766,3.739397896344702,-1.4290123598756848,Inner Race
0.532,-0.745,-0.1154175537109375,0.1184288613041461,0.1653670598321777,-0.0174837997429527,3.950094512698495,3.217085679215065,-1.4327721781934355,Inner Race
0.581,-0.798,-0.114996875,0.1170718787354345,0.1641029293935573,0.0468433880231085,4.039433982217872,3.540460868962464,-1.4270207724649675,Inner Race
0.496,-0.781,-0.113869287109375,0.1170478192913434,0.1632974956033083,0.0095833529782064,4.03686145003514,3.0374011442582787,-1.434078492530264,Inner Race
0.5,-0.747,-0.115655224609375,0.1196550939753269,0.1664125083917034,0.0439094106484428,4.018365959051927,3.0045818360185708,-1.4388671930192596,Inner Race
0.601,-0.73,-0.1138558837890625,0.1191015310303234,0.1647664730745125,0.0466537664577141,4.2830832103556125,3.647586725536141,-1.4471493926459753,Inner Race
0.454,-0.786,-0.11408212890625,0.1155435342259883,0.1623721481718866,0.015319200048469,3.5991910179274456,2.79604602828434,-1.4232917086016186,Inner Race
0.581,-0.881,-0.1150718261718749,0.1196589708733391,0.1660103759464299,-0.0634734207274784,4.20359796020476,3.4997812437186666,-1.4426674318913777,Inner Race
0.505,-0.967,-0.11540859375,0.1184384071361291,0.1653676429178899,-0.0427741754353701,4.164739072014404,3.0538017661093946,-1.4328884664872708,Inner Race
0.547,-0.732,-0.1137456298828124,0.118274218490274,0.1640930149449114,0.0751231854904012,3.831567682579436,3.333475225521551,-1.4426313794558072,Inner Race
0.63,-0.686,-0.1151824218749999,0.1162209198176917,0.1636275121858809,0.0229421041368746,3.8877618214739513,3.850208266225545,-1.420594475461328,Inner Race
0.522,-0.825,-0.1146569580078125,0.117138597751571,0.1639125806838673,-0.0311197315787426,3.8377450621886497,3.184624376128663,-1.429591221779132,Inner Race
0.925,-0.803,-0.1135302001953125,0.1180686477736915,0.1637955176628631,0.1229997408671674,4.361872288896955,5.647285183370573,-1.442748426243205,Inner Race
0.554,-0.784,-0.115607568359375,0.119353445708167,0.1661625923006683,0.0012634611147017,4.0130065573072535,3.334083756935777,-1.4372985666832745,Inner Race
0.476,-0.911,-0.1151267333984375,0.118382773636817,0.1651311711534906,-0.0562632550931617,4.242417716605245,2.882556919296323,-1.4343425395559066,Inner Race
0.461,-1.169,-0.1150163574218749,0.1186395029056989,0.1652384655226538,-0.0140074055993618,4.30203138080688,2.7899072927229405,-1.4366518747986976,Inner Race
0.698,-0.75,-0.114691162109375,0.117653633102752,0.1643049058902666,0.0689449722491276,3.9483126600964287,4.248199384053506,-1.4325855878378633,Inner Race
0.52,-1.077,-0.114806982421875,0.1176970572286365,0.164416855264057,0.0419317754191492,4.108574868903012,3.1626927735898414,-1.4321154671575926,Inner Race
0.635,-0.796,-0.1144300537109374,0.1188208791353032,0.1649614919405198,-0.0476842076185615,4.283560309004975,3.849383225928643,-1.4415923666105248,Inner Race
0.52,-0.75,-0.115520654296875,0.118678474255565,0.1656178068897918,0.0087905999536784,3.94685982989669,3.1397590015548698,-1.4336640308855315,Inner Race
0.491,-0.979,-0.1144024658203125,0.1209395187894888,0.1664750260602407,-0.0382471654458161,4.08219923509425,2.949391338868609,-1.45516991147478,Inner Race
0.576,-1.758,-0.115555712890625,0.1202081929006912,0.1667416553794278,-0.2356076887416051,6.917669090699903,3.4544457333669087,-1.442954668431244,Inner Race
0.652,-0.906,-0.115931494140625,0.1172755139608169,0.1649039772974431,-0.0625238954265869,3.931288206726128,3.953816097618826,-1.422426050141426,Inner Race
0.63,-0.776,-0.1144716552734375,0.1177961899181452,0.1642539602327701,-0.0142423995760081,4.145684321233826,3.8355239600141418,-1.4348876133608628,Inner Race
0.547,-1.113,-0.1142351318359375,0.1180916280652,0.1643014226813547,-0.0444732487454216,4.259252410376515,3.3292468870513,-1.438274023417958,Inner Race
0.696,-0.813,-0.1151007080078125,0.1191107045359232,0.1656357043268496,0.0485452469879195,4.208729467593901,4.201992576591941,-1.4390502647091197,Inner Race
1.094,-0.823,-0.1138818359375,0.1201308380459153,0.165529871855694,-0.0352898149686924,4.896256238992679,6.609079000276937,-1.4535230354605386,Inner Race
0.74,-0.898,-0.1141150390625,0.1169875594373622,0.1634258151893773,0.0005270002593964,3.996188413915727,4.528048393960835,-1.4321146146203405,Inner Race
0.505,-0.969,-0.1148998291015625,0.12054989042272,0.1665349573410987,-0.0877658005782848,4.193698460677054,3.032396369283919,-1.4493925590950596,Inner Race
0.833,-0.825,-0.1140619873046875,0.1194583261933722,0.1651668255099172,0.0210090171927143,4.818839716002702,5.043385664332355,-1.4480444310400815,Inner Race
0.708,-1.499,-0.114298583984375,0.1216354873583515,0.1669101461116129,-0.1691499540446701,5.938222862381066,4.241803248596761,-1.4602993343682205,Inner Race
0.544,-0.737,-0.1152715087890624,0.1190316161220652,0.1656976175564005,-0.0096206450909974,3.905647560384647,3.2830888459505574,-1.4374550944727702,Inner Race
0.747,-0.916,-0.1136783935546875,0.1192930374819794,0.1647824581698786,0.0632403916259436,4.533198660402815,4.533249523622822,-1.4495494967617253,Inner Race
0.811,-1.006,-0.1145446533203125,0.1193985033239031,0.1654573423977319,-0.1105253842511785,4.884183346736275,4.901565492636107,-1.4444789660766384,Inner Race
0.566,-0.784,-0.1147129638671875,0.1199707845402226,0.1659870532031179,0.0460631577504611,3.975401938265312,3.4099045020540686,-1.4469772866761126,Inner Race
1.057,-1.172,-0.113845068359375,0.1222855924759564,0.1670751346992293,0.1367163243579167,5.563093928677025,6.326494974269056,-1.4675658516170669,Inner Race
0.432,-0.664,-0.11412314453125,0.1180737364237363,0.1642107151935433,0.0133245889477199,3.664909032434908,2.63076620481698,-1.438890558685736,Inner Race
0.823,-0.876,-0.1151600341796875,0.1218894894255109,0.1676857727530546,0.0287835019399894,4.556319979040064,4.907989428608266,-1.4561108282705937,Inner Race
0.562,-1.606,-0.114046044921875,0.1196047533864133,0.1652617564487659,-0.0830461064675395,5.114506305192622,3.4006657806171257,-1.4490792430546386,Inner Race
0.667,-1.018,-0.11433388671875,0.1199534879550026,0.1657127805414103,-0.0623356765266625,4.547990452504343,4.02503655916462,-1.4493759050547044,Inner Race
0.867,-1.06,-0.115270166015625,0.1214638865177347,0.167452461041886,-0.0029868590128234,5.1134824076496965,5.177588878691553,-1.4526955831675274,Inner Race
0.803,-0.94,-0.115591943359375,0.119762130035957,0.1664455316018858,0.0365841139307789,4.415170173033684,4.824401065452826,-1.4399405941675982,Inner Race
0.518,-1.206,-0.1147274658203125,0.1205075039764554,0.1663853821275841,-0.0475756652046189,4.562150304207351,3.1132542617403627,-1.4502663415243464,Inner Race
1.03,-1.521,-0.1151215087890625,0.119320183704118,0.1658008456992011,-0.0752013653272423,6.302000989624812,6.212272293644655,-1.4402247455164836,Inner Race
0.645,-0.781,-0.114646240234375,0.1189295220175764,0.1651897281584496,-0.0163644771286265,4.00351206658398,3.904601134649954,-1.4408647664393268,Inner Race
1.135,-1.111,-0.1139881591796874,0.1226282156394277,0.1674234528769556,0.1039673754748988,5.647809226862101,6.779217490121557,-1.468779337097938,Inner Race
1.633,-1.069,-0.1150730224609375,0.1201256579598265,0.1663478941838881,0.2776251325564747,8.67385011212134,9.816775908174774,-1.4455855128021544,Inner Race
1.116,-0.969,-0.114432421875,0.1210130730351075,0.1665490483252512,0.0271465865020412,5.0335937647348885,6.70072877162636,-1.4554358423627591,Inner Race
1.294,-0.828,-0.1139688232421875,0.1197664924952279,0.1653256035833389,0.0993506340950614,5.053519947015657,7.826978834211292,-1.4506213092331095,Inner Race
0.537,-1.572,-0.1160501220703125,0.1215587694874477,0.1680589316775563,-0.2588606113594529,5.916067735583814,3.1953077092641924,-1.4481581637262968,Inner Race
0.715,-1.914,-0.11433828125,0.12009630188309,0.165819215286417,-0.1696230858122072,6.830966617625922,4.311924880147281,-1.450251074912122,Inner Race
0.876,-1.846,-0.1147135986328125,0.1229258196168878,0.1681356533421888,-0.1525082969289807,7.476651641573174,5.210078782143662,-1.465699405703201,Inner Race
1.338,-0.862,-0.1159845458984375,0.1198689039943923,0.1667951385301882,0.2176550950006021,6.553688546632724,8.021816533686536,-1.4380807135826812,Inner Race
1.436,-1.895,-0.11440478515625,0.1225377269867298,0.1676412324355198,0.1446928445832203,10.364444526339303,8.565911733870909,-1.4653340960044758,Inner Race
0.715,-2.141,-0.1151982421875,0.1204695909499447,0.1666829416207422,-0.384306516370363,10.76669952131958,4.289581123585262,-1.4469226131892206,Inner Race
0.864,-2.454,-0.1159553955078124,0.121371440325605,0.1678580371322231,-0.8763043616312174,19.820279199105943,5.147206620314641,-1.4476086808820705,Inner Race
1.052,-3.252,-0.1144578125,0.1222047165672744,0.167434222888096,-0.9474119627683436,27.558730822446527,6.283064369123031,-1.462846608990505,Inner Race
0.61,-1.694,-0.1146306640625,0.1176327668042353,0.1642477370943813,-0.2107610031291146,6.319118262384611,3.7139020043209294,-1.4328429346342146,Inner Race
1.919,-1.262,-0.1146389404296875,0.1236187914043474,0.1685921681604429,0.486669012110929,12.133484619922594,11.382497899746795,-1.4706361340093423,Inner Race
1.038,-1.804,-0.114165625,0.1206006621050978,0.1660661149693567,-0.1167263387673484,7.276235610604154,6.250522571636822,-1.454606979722283,Inner Race
1.301,-2.424,-0.1130524658203125,0.1217955847445504,0.1661765998241074,-0.3758499071176317,17.695780820860943,7.829020460023048,-1.4699069022362712,Inner Race
1.025,-1.582,-0.1157166259765624,0.1214225062820118,0.1677301481913871,-0.3238912203465248,8.151650076128178,6.111006345921974,-1.4494904839807512,Inner Race
0.498,-0.894,-0.1144109130859375,0.1189317921495845,0.1650281275593412,-0.0580408801288892,4.151286708190932,3.017667396249939,-1.4424159645975694,Inner Race
2.317,-1.597,-0.1144733642578124,0.1229877491801907,0.1680171666411882,0.2829257021565695,18.73118617061379,13.790257545219216,-1.4677402706780456,Inner Race
0.53,-0.906,-0.1151255615234374,0.119625950803308,0.1660238345764274,0.0246447868790365,4.031036738112841,3.1923127263755604,-1.4421109645804242,Inner Race
1.721,-1.165,-0.11508330078125,0.1183176148313831,0.1650541799659092,0.3676130963005465,10.01937255405166,10.426879224479263,-1.4342148586756625,Inner Race
0.554,-1.13,-0.1143239746093749,0.1180154467286693,0.1643084806290917,-0.0265992534932191,4.345005304704148,3.371706669545523,-1.437218056759355,Inner Race
0.647,-0.95,-0.1153487548828124,0.1210791764621027,0.1672278215833819,-0.0903334769192059,4.45356242427217,3.86897343919174,-1.4497583589287597,Inner Race
0.911,-1.108,-0.11485732421875,0.122022587892263,0.1675749186756199,-0.0671638761382025,5.762454893000831,5.43637441211266,-1.45898330659756,Inner Race
1.074,-2.327,-0.1143899658203125,0.1247658657438589,0.1692666697644993,-0.6249870926728677,14.042810787345925,6.345017607389902,-1.4797335461257934,Inner Race
1.265,-1.904,-0.1147609375,0.1227733525787273,0.1680565407203963,-0.022005528415005,9.924500946897728,7.52722860162069,-1.4644054360430472,Inner Race
1.067,-3.127,-0.114148828125,0.1250346362563984,0.1693021959246892,-1.4256223781197486,35.912265483662935,6.302339991352703,-1.4831706878260102,Inner Race
1.016,-3.481,-0.1137673583984375,0.1228918275687606,0.1674665471345835,-1.6500468564407524,42.81737903470471,6.066883311229302,-1.472008750946647,Inner Race
1.838,-2.915,-0.1153842529296875,0.125440549112646,0.1704361259312735,-0.8072721642670732,30.41187198665473,10.78409867601164,-1.4771177314389112,Inner Race
0.635,-1.97,-0.1145993408203125,0.1229759697363714,0.1680944045261704,-0.5004425618769549,10.211444380197763,3.7776391295710128,-1.4668007976567348,Inner Race
1.287,-2.358,-0.1139269775390624,0.1224268714009785,0.1672343539048617,-0.3945571692983661,15.040405248492426,7.695787198915861,-1.4679082822812677,Inner Race
0.984,-0.977,-0.1149552734375,0.1209422218355062,0.1668573606665098,0.0991578528495009,4.978436831649574,5.8972525759092855,-1.4514980972771856,Inner Race
1.548,-1.538,-0.1142379638671875,0.1214011280089176,0.1666978897592747,0.4322449101965825,10.835582145600393,9.286260325403264,-1.4592162195141791,Inner Race
1.226,-2.678,-0.1142776123046875,0.1247065113154243,0.1691469980756614,-0.1524156139665967,18.28588202681916,7.248133362979317,-1.4801411638237674,Inner Race
0.835,-2.112,-0.1155998779296874,0.1218062005480035,0.1679277226783752,-0.258169944611487,9.089613300188477,4.972377322112797,-1.4526634948569384,Inner Race
0.596,-1.355,-0.11463935546875,0.1190692021606388,0.1652855426094585,-0.1124764419258925,5.481709116928064,3.605881014095989,-1.4417870890290756,Inner Race
0.94,-0.92,-0.1138468749999999,0.1185065470527991,0.1643306720469146,0.0972908563073606,4.814533637467182,5.720173770917458,-1.4434359489174795,Inner Race
0.837,-3.032,-0.114930517578125,0.1202134417210685,0.1663127855185918,-0.8183843993008625,23.80106405691116,5.032685835848941,-1.447072448843183,Inner Race
1.768,-1.79,-0.115072265625,0.1208142973252263,0.1668453307836238,0.0637633211358709,11.558306349852083,10.596640563426137,-1.4499178396933892,Inner Race
1.479,-1.487,-0.114596484375,0.122213713708795,0.1675356123231248,0.1836756289906558,10.136766804776922,8.827973822947342,-1.4619611870019449,Inner Race
1.689,-3.347,-0.1137809326171875,0.1258647460875469,0.1696692316507189,-0.9444849523728486,34.57843330291403,9.9546628670835,-1.4911921334092582,Inner Race
0.842,-2.375,-0.1139451904296875,0.1230721762393277,0.1677196982837222,-0.566655880282959,13.851629768250596,5.020280912833713,-1.4719331079376932,Inner Race
1.621,-1.824,-0.1131425292968749,0.1253308587839743,0.1688451142539276,-0.3731037128340359,12.320106202622853,9.6005146916017,-1.4923222532076728,Inner Race
1.406,-1.877,-0.1151482421875,0.1275325309315154,0.1718233599980387,-0.3281770789229439,16.347375429464925,8.182822172817762,-1.4921926443154263,Inner Race
1.863,-4.177,-0.11479111328125,0.1284486508447495,0.1722662264728728,-1.9405843900070263,66.17071959511544,10.81465611771191,-1.5006930549650035,Inner Race
2.097,-1.689,-0.114637109375,0.1278145456124333,0.1716910774449818,0.4868874415431731,21.73478520475714,12.213797194393988,-1.4976919636323638,Inner Race
0.83,-1.521,-0.1138391845703125,0.1225503800962247,0.1672650260527576,-0.174634252294451,6.235164133985565,4.9621849802492894,-1.4693097696026345,Inner Race
1.416,-2.7,-0.1136778564453125,0.1260497585181961,0.1697374701256279,-0.6505556729976506,23.262880648097717,8.342294715197385,-1.49314453520932,Inner Race
1.096,-1.086,-0.1135771728515625,0.1208339138593071,0.1658320007291123,0.184623957311033,5.828960048726577,6.609098335551793,-1.4600821324003483,Inner Race
2.397,-1.958,-0.1143286376953125,0.1247036775038629,0.1691793867969505,0.6047356137966586,26.735178608244816,14.1683927657031,-1.4797638650065617,Inner Race
0.632,-0.884,-0.1151510986328125,0.1197659916970218,0.1661424632380907,-0.0461321246806912,4.440001692926378,3.8039643067908018,-1.4428213470014442,Inner Race
1.904,-1.472,-0.1146692626953125,0.1230345767672376,0.1681849497408609,0.5219254994495361,14.123883780991964,11.320870285561693,-1.46669600717452,Inner Race
0.632,-1.167,-0.11388017578125,0.1212857715577201,0.166368788183483,-0.048668207623257,4.476552122835475,3.7987894658641546,-1.460910883234473,Inner Race
1.97,-1.721,-0.11521005859375,0.1260532613977054,0.1707700043472671,0.1963804965689596,15.409050200883192,11.535983778473954,-1.4822490885924362,Inner Race
0.85,-2.993,-0.114460498046875,0.126714954163001,0.1707556535312685,-1.1378284745561622,25.181828624890624,4.97787325000252,-1.491830425736388,Inner Race
0.808,-0.925,-0.1147198486328124,0.1207936615724012,0.1665875028871135,-0.0517837047183836,4.535613394956975,4.8503038102896205,-1.452124500445564,Inner Race
1.836,-2.227,-0.1155331787109375,0.1273650477555881,0.171957479428623,0.1250318127492351,20.950026510852965,10.677058108205731,-1.4883817908174963,Inner Race
2.251,-1.125,-0.115043359375,0.1241017983502346,0.1692213192325733,0.8058587232645634,17.554450690186755,13.302106437938145,-1.4709351339521708,Inner Race
0.505,-0.796,-0.11423779296875,0.1215113210567709,0.166778038163518,-0.0180387166736801,3.94412798455594,3.0279766182695544,-1.45991999520807,Inner Race
1.152,-1.436,-0.115225,0.124733335169326,0.1698082026393123,0.0008257403202283,6.779877149123033,6.784124571690745,-1.4737097213218688,Inner Race
1.577,-2.837,-0.1139490966796874,0.1280916662375432,0.1714394091815175,-0.4128009336215499,20.75181961294719,9.198585130040287,-1.5045262681058031,Inner Race
2.139,-1.465,-0.1133460449218749,0.1264305322627849,0.1697987489256583,0.6055620624933579,16.167084061961432,12.59726596063733,-1.4980562316284962,Inner Race
1.145,-3.015,-0.1155074462890624,0.1236109741674041,0.1691782197682234,-0.7795935882994612,22.52232129706735,6.768010690552639,-1.464652065329602,Inner Race
0.994,-1.521,-0.114913427734375,0.1233952252961515,0.1686152595755163,-0.0886082611844908,6.3218232324511,5.895077364304774,-1.4673242535700382,Inner Race
2.173,-0.952,-0.1125644531249999,0.1251217386966149,0.1683027729678625,0.707966145380669,15.67233741232851,12.911254887136858,-1.4951680419125437,Inner Race
1.88,-2.295,-0.115138818359375,0.1271043461084184,0.1714994690111131,0.1731075389021801,17.98682592712676,10.96213306571915,-1.4895017289114731,Inner Race
1.904,-1.76,-0.1137260498046875,0.1301152538024404,0.1728096650846812,0.260415579458535,16.740357741896094,11.017902262972331,-1.519525784826463,Inner Race
1.438,-3.472,-0.114468408203125,0.125898471537126,0.170155971504593,-1.267152797113569,35.885810007742705,8.4510698465918,-1.4864884921143489,Inner Race
0.894,-1.26,-0.1164899169921875,0.1255440610242917,0.1712624512894746,-0.0230057281177679,6.401654601873023,5.220058414841472,-1.4701912037671083,Inner Race
1.357,-2.302,-0.11415654296875,0.1252303366944538,0.1694519715267334,-0.6025689081486668,18.15712265442927,8.008168850286374,-1.4843824726990933,Inner Race
1.577,-3.188,-0.1146480468749999,0.1234742471146258,0.1684924097360824,-0.3405297023417934,27.705718430630924,9.359472052599456,-1.4696491944584853,Inner Race
0.955,-1.189,-0.1152367919921875,0.1229186740235323,0.1684878327365909,0.0266161914527716,5.06561763999035,5.668065073238966,-1.4621010340865233,Inner Race
2.021,-2.346,-0.115108154296875,0.1285842513185884,0.1725786580458042,-0.1989314259643544,21.720580703474447,11.71060212708112,-1.49927395760953,Inner Race
1.533,-1.765,-0.1138618896484374,0.1251450479725431,0.1691905156645026,0.2944651182580012,12.528957528946224,9.060791581484814,-1.485927523132622,Inner Race
1.387,-2.654,-0.1157936279296875,0.1252626384655407,0.170582853153648,-0.4888299504435361,20.281140130694407,8.130946190416312,-1.4731626964588225,Inner Race
2.053,-2.024,-0.1140704833984375,0.1311282111776682,0.1737994912512107,0.3082504474102278,19.60051186854808,11.812462655788687,-1.5236149271336517,Inner Race
1.377,-1.711,-0.1140462158203125,0.1257620813824137,0.1697711822462489,0.079305505991851,8.722367782706696,8.110917187362785,-1.4886174085226538,Inner Race
1.001,-1.011,-0.1151747314453125,0.1228539681843696,0.1683981822298575,0.0114022401410508,5.770316638930295,5.94424468687952,-1.4621104830603988,Inner Race
2.185,-1.106,-0.1142015380859375,0.1256389406955681,0.1697844201946112,0.5408627337859114,13.944211578854524,12.869260898588324,-1.486708699727382,Inner Race
0.984,-1.011,-0.114732666015625,0.1248167903388354,0.1695359414673441,0.0309811547279088,5.685771248264565,5.80407901406285,-1.477660611880628,Inner Race
1.465,-1.636,-0.1151326904296875,0.1293123279573903,0.1731381134332998,0.0163329121028204,9.995237995240394,8.46145294614395,-1.5038136674052334,Inner Race
1.328,-1.794,-0.1147060546875,0.1272047920867111,0.1712838085354428,-0.0039752577684447,9.156988850740309,7.753213869746504,-1.493241215575592,Inner Race
1.741,-3.213,-0.1143757080078125,0.1265213647353758,0.1705551743714708,-0.6616920530449462,36.19275126364842,10.207840403646069,-1.4911835506174174,Inner Race
1.155,-0.835,-0.114950634765625,0.1230419006427863,0.1683822678751109,0.0648049647057325,4.929555432808141,6.859392111624621,-1.4648224276310322,Inner Race
2.395,-2.031,-0.1142384765625,0.126570995738957,0.1705000157510073,0.595845140603581,21.978311341258525,14.046919523442035,-1.4924920296685382,Inner Race
1.206,-2.456,-0.1145261474609375,0.1308923250304444,0.1739213066960214,-0.5158443366822022,19.60170272627189,6.934170533273643,-1.5186165827794251,Inner Race
1.562,-3.875,-0.11530458984375,0.1316986067097152,0.1750407038321283,-1.4630880112236495,51.53032270362559,8.923638706903429,-1.5180722993709717,Inner Race
1.343,-4.29,-0.1149169189453124,0.129363624879478,0.1730330521426154,-3.123988422392053,82.64272892262004,7.761522919292247,-1.5057230365265857,Inner Race
0.767,-1.104,-0.11386015625,0.1231410725449799,0.1677125180799069,-0.021107696930042,5.30832491799033,4.573302033629721,-1.472969330128659,Inner Race
1.794,-1.951,-0.1155690673828125,0.1299914694833482,0.1739355597072205,0.3344754551031777,16.357219165191886,10.314164642467452,-1.50503559166982,Inner Race
2.554,-2.686,-0.11386474609375,0.1330714681752238,0.1751364146050247,0.2650094664732558,33.08172354928052,14.582918154170804,-1.5381092095074538,Inner Race
1.501,-2.009,-0.1139680664062499,0.1239944311897118,0.1684130748176377,0.0648519325278257,10.64642435402652,8.912609674903944,-1.477721612098896,Inner Race
1.482,-1.206,-0.115190771484375,0.1268976642634834,0.1713812647013231,0.3001802601372925,9.422411718814171,8.64738629734571,-1.487803775362075,Inner Race
1.87,-2.043,-0.1140112060546875,0.1300934469355777,0.1729810592249508,0.2231241104246007,20.736644644560062,10.810432126954344,-1.5172285708650195,Inner Race
1.387,-0.808,-0.1138049072265624,0.1242077626412315,0.1684599316145246,0.1560715044633673,5.6606921165969855,8.233411866590197,-1.4802519128560516,Inner Race
1.482,-3.066,-0.1158828124999999,0.1299412489527436,0.1741066977100536,-0.689525362671546,25.962013029898635,8.512021763045727,-1.502437626028913,Inner Race
1.76,-1.592,-0.113625341796875,0.1272326966546166,0.1705827722184581,-0.1101460314693869,11.945229878633834,10.317571798786588,-1.5012740073724435,Inner Race
1.179,-3.33,-0.1146554443359375,0.1278329512165454,0.171717021217981,-1.5576093674899856,36.95062959690218,6.865947194037063,-1.4976787383497867,Inner Race
1.223,-2.397,-0.1156609374999999,0.1273842606048716,0.1720575663908558,-0.2879134483790411,14.337515700484762,7.1080861228838,-1.4876030759378531,Inner Race
1.265,-0.972,-0.1143125732421874,0.1236545144917594,0.1683966450191658,0.1825242831383925,6.47518130776481,7.512026144321497,-1.473124436297952,Inner Race
0.977,-1.799,-0.1144253173828125,0.1240124504123228,0.1687360828317822,-0.2254857200227894,7.792315325427511,5.790107151971752,-1.4746394127732396,Inner Race
2.363,-1.907,-0.1149310791015625,0.1286316046316291,0.1724959092161001,0.3843907781028449,20.82192605224697,13.698875589215689,-1.5008639139607196,Inner Race
1.326,-1.748,-0.1143590576171875,0.1274922079997537,0.1712654674099494,-0.2877161794128585,9.03681432777818,7.742366397926685,-1.4976117412864132,Inner Race
3.357,-1.074,-0.1145737548828124,0.1254147103071536,0.1698693935476836,1.4107993165385864,39.71810438931225,19.76224162510868,-1.482620463311412,Inner Race
0.972,-0.881,-0.1150870361328125,0.1246246965532736,0.1696347891628835,-0.0616795372942172,4.404473311221735,5.729956719353626,-1.4739695700141404,Inner Race
1.313,-1.838,-0.114698193359375,0.12599146960412,0.1703793955492693,-0.1756732614379787,7.775904493215478,7.706330896216346,-1.4854584066152872,Inner Race
1.555,-2.18,-0.1139539306640625,0.1290330150931799,0.1721470615939455,-0.1381756046430508,14.884089313128287,9.03297439759895,-1.5106724321904883,Inner Race
1.682,-1.902,-0.11570322265625,0.1291216835004645,0.1733760013433141,-0.0900124418700163,12.416273579882812,9.70145802745417,-1.4984543849604588,Inner Race
2.429,-1.45,-0.1157016357421875,0.1286541960563451,0.1730270689145153,0.1979602275168131,14.119630386467096,14.0382658923735,-1.4954591419957397,Inner Race
1.26,-1.75,-0.1131849609375,0.1260461126672179,0.1694050472079602,-0.0610157616584827,9.093284954292626,7.437794922681578,-1.496709861493919,Inner Race
1.56,-2.639,-0.1140335693359375,0.1255814557952462,0.1696289242677739,-0.194093324916635,14.569120811533375,9.196544791720813,-1.4875349886493083,Inner Race
0.623,-0.75,-0.1148493896484375,0.1224366107325163,0.1678712005253441,-0.0098321158172081,3.921814453663464,3.711178558623242,-1.461663845486775,Inner Race
0.796,-1.077,-0.113743603515625,0.1243178313814936,0.1684997128266284,0.0384822837694775,4.512171421173084,4.7240436594631765,-1.4813994600011204,Inner Race
0.645,-0.874,-0.1146924560546875,0.1225808829897857,0.167869191643165,0.0122565478689436,4.146081128288012,3.842277392811057,-1.4636463235482715,Inner Race
0.576,-0.732,-0.115197802734375,0.1222503579278314,0.1679741613953895,-0.0114800994576235,3.928297695647993,3.429098828147564,-1.4581368516438389,Inner Race
1.091,-0.947,-0.1140101318359375,0.1245668163693925,0.1688633266025784,0.0148624872554458,4.819786144138373,6.460846306597286,-1.4811256147442715,Inner Race
0.767,-1.182,-0.1151473876953124,0.1254369633665439,0.1702732173017043,-0.0264996459826046,4.813132114479146,4.504525210450244,-1.4787414696046637,Inner Race
0.649,-1.46,-0.1146088623046875,0.1257832794883225,0.1701653268211489,-0.1060660030999214,4.977266098117455,3.8139379632968753,-1.4847484164772935,Inner Race
0.623,-1.006,-0.1142496826171874,0.125136280064927,0.1694452603782367,-0.0840702368675651,4.76008422793519,3.6767036068718335,-1.4831136200700985,Inner Race
0.828,-0.933,-0.115395849609375,0.1230754356989762,0.1687109811660629,-0.0027152408427289,4.3983653212796,4.90780146186807,-1.4620194897577703,Inner Race
1.299,-0.92,-0.1147199218749999,0.124994404420157,0.169658127349624,0.0825442943721198,5.622338740382698,7.656573960191589,-1.4788898438623876,Inner Race
0.73,-1.177,-0.1145171142578125,0.1260818739220094,0.1703244559306911,-0.0515357471063384,4.971571457879271,4.285937659457745,-1.4873275233537535,Inner Race
0.925,-0.94,-0.11476005859375,0.1266074934792921,0.170876964829596,-0.045688592088451,4.721143210999441,5.413251580881248,-1.488993356429867,Inner Race
0.771,-1.228,-0.1145107421874999,0.1254996060113246,0.1698896013891264,-0.0400618319849208,4.879405220420408,4.538241267833989,-1.4836127872697658,Inner Race
0.591,-1.125,-0.1145880126953125,0.1244755259648596,0.1691868521557831,-0.1087992229602483,4.535933080404745,3.493179242177883,-1.4764795040616328,Inner Race
1.016,-1.543,-0.1150975830078125,0.1279532126733495,0.1721019422901411,-0.1557409098104141,7.2369943870532705,5.903477825294722,-1.4952698205526984,Inner Race
0.969,-1.611,-0.1145830810546875,0.1256083944971934,0.1700187226161844,-0.1661672731190472,6.678570773004738,5.699372310821955,-1.4838030279098442,Inner Race
0.984,-1.443,-0.1143750732421875,0.1239293499149832,0.1686409386433894,-0.0356311849141893,5.70440490855839,5.83488213428876,-1.4744553499545725,Inner Race
0.806,-1.489,-0.1151408935546874,0.126708234659273,0.1712075060616091,-0.0497621039957072,5.909980108237836,4.707737520047516,-1.486939181866712,Inner Race
1.216,-3.457,-0.1151073974609375,0.1258715211975853,0.1705666028014011,-0.871012143913988,30.672100691369707,7.129179921674626,-1.481804007073343,Inner Race
2.351,-2.874,-0.1147884521484375,0.1285106973729706,0.1723107219173993,-0.1451045795484015,26.31374937419771,13.64395653293705,-1.5011154754014584,Inner Race
0.547,-1.16,-0.11510634765625,0.122541862392069,0.1681238016918262,-0.0290647917017295,4.2949599782756565,3.253554788171281,-1.4605953982130149,Inner Race
0.642,-0.833,-0.114919482421875,0.1223466833105355,0.1678536055917663,-0.0817605986851719,4.235704633307739,3.824761450530866,-1.4606192270825546,Inner Race
1.023,-1.45,-0.1146521484375,0.1279759241014164,0.1718212805254525,-0.1429857938950826,7.403531445603875,5.953860877252972,-1.498631145312702,Inner Race
1.653,-1.528,-0.1160552734375,0.12827861392158,0.172985050044975,-0.0764182704767208,8.916617967979954,9.55573906282786,-1.490540196246522,Inner Race
0.742,-1.125,-0.1149469482421875,0.1248496366288851,0.1697051918004379,-0.0772706146381878,4.703681615094795,4.372288155288394,-1.4763784023467728,Inner Race
0.908,-0.845,-0.1145612060546874,0.1243596129251701,0.1690834281899813,0.0374661937368585,4.2981527399330215,5.370130057806587,-1.475922207987814,Inner Race
0.664,-0.92,-0.1145977294921875,0.1238636489848942,0.1687437956758753,0.0315727805165238,4.354461967726843,3.934959488972368,-1.472488123661989,Inner Race
0.735,-1.208,-0.1135505859375,0.1213531479520915,0.1661925466103342,-0.0206501063538016,4.601503755192589,4.422581006134579,-1.46359919887872,Inner Race
1.169,-0.957,-0.11360146484375,0.1231410827890849,0.1675370074847737,0.0473619145866715,5.205912346722915,6.977562853426533,-1.4747785841952643,Inner Race
0.642,-1.006,-0.115317724609375,0.1231236996855272,0.1686927767561121,-0.0572653995274436,4.124824500428676,3.8057349718546183,-1.462852109920992,Inner Race
0.781,-1.074,-0.1141323486328124,0.1221749402366467,0.1671901450579315,-0.0367468774629422,4.687969446292601,4.671327964512399,-1.464879563600474,Inner Race
1.133,-1.123,-0.1149701416015624,0.1235083369521721,0.1687366893621955,0.1875012309119835,6.092933628580804,6.7146037076026825,-1.4676566194635554,Inner Race
0.742,-1.108,-0.1153643554687499,0.1239767102017655,0.1693481146501102,-0.0276567072565074,4.187374884593732,4.381507296570999,-1.467941410169655,Inner Race
0.879,-0.771,-0.114516552734375,0.1215294619094318,0.1669823055921176,0.1221326560448944,4.435205863941248,5.264030801844988,-1.4581499495486805,Inner Race
0.823,-0.94,-0.1141753662109375,0.1235774794459697,0.1682469460016055,-0.0570782493022645,4.799680861967412,4.8916192510985965,-1.4735835897453704,Inner Race
1.06,-1.069,-0.1151993408203125,0.1238814333194539,0.1691659628105867,0.0661352621661637,4.921223796449988,6.266035923472799,-1.4684629408986911,Inner Race
0.825,-2.297,-0.1154050537109375,0.1257605161930308,0.1706858158415402,-0.7082341155380406,13.811456909412282,4.83344205218497,-1.4790150894870515,Inner Race
1.06,-1.926,-0.1135391845703124,0.1246112226612212,0.1685785399910315,-0.0852049412182728,7.483607765835485,6.287870330686176,-1.4847608834695678,Inner Race
0.845,-1.023,-0.1132986572265624,0.1254148152680599,0.1690120635111727,-0.0790233663393175,4.840685462037208,4.999643116860354,-1.4917393343259189,Inner Race
0.618,-0.879,-0.1146852539062499,0.1216675928776978,0.1671985323462798,-0.0322121117790051,4.246119680621722,3.6962046934723007,-1.4578904144290172,Inner Race
0.591,-0.945,-0.1148473876953124,0.122744528466847,0.1680945385828081,-0.0515144778687569,4.019559367701507,3.515878653659271,-1.4636339751040677,Inner Race
0.53,-1.062,-0.115073486328125,0.1232420540718418,0.1686123967329545,-0.0336457499678048,4.172592331295552,3.143303874859244,-1.465258437136132,Inner Race
0.603,-1.172,-0.1145794189453125,0.1224887505939832,0.1677246880208149,-0.0501551138319717,4.302146881634046,3.595177353528103,-1.4638291026843837,Inner Race
0.569,-2.354,-0.1144822509765625,0.1267393918115636,0.1707883692334747,-0.5115978692373859,11.61106071573386,3.33160860164988,-1.4918327319440945,Inner Race
0.889,-1.03,-0.1136432861328125,0.1237926117908279,0.1680447353565552,-0.0355280598187902,4.494636355043511,5.290257966807058,-1.4787035915185074,Inner Race
1.201,-1.167,-0.11445830078125,0.1242644523269049,0.1689437176586573,-0.0397547793333373,5.085420833263607,7.10887635624642,-1.4760285318365731,Inner Race
1.738,-1.709,-0.1138539306640625,0.1276538821862718,0.1710492131674253,0.1215921908812065,10.167326950056736,10.160818444097847,-1.5023566790339744,Inner Race
1.069,-3.218,-0.1145944580078125,0.1303686970907187,0.1735726707920876,-0.9284559978257174,26.479745474038776,6.15880365913417,-1.514668979718498,Inner Race
1.458,-1.995,-0.113274267578125,0.1238517209504689,0.1678390121049781,-0.1641640257121593,10.565877767901352,8.686895744405751,-1.4817046774477705,Inner Race
0.645,-1.602,-0.1140322021484375,0.1235030019558666,0.1680950987728235,-0.2504463103189486,6.405997416888145,3.8371136619021935,-1.4741020133419114,Inner Race
1.125,-1.602,-0.1148116943359374,0.1294922003514666,0.1730593705279753,-0.3690676618842005,9.575002908707988,6.500659262586083,-1.5073322585206863,Inner Race
0.806,-1.211,-0.1144691162109375,0.1244799659334666,0.1691096158786282,-0.0888144594538556,5.229898442906395,4.766139381325749,-1.4773383553254849,Inner Race
0.764,-0.923,-0.1149077392578125,0.1239452999216062,0.1690143510311837,-0.0577800697288524,4.20688369638499,4.520326205074973,-1.4708700399367791,Inner Race
1.179,-1.487,-0.1146307861328125,0.12733538849848,0.1713304480719158,-0.0578490451204025,7.47289527935486,6.881438840953219,-1.4946285710141642,Inner Race
0.742,-1.414,-0.1144862304687499,0.1286293315121646,0.1721981357309618,-0.1406217340271592,5.980484014197964,4.308989739350505,-1.504094728474485,Inner Race
1.135,-1.665,-0.1148364013671875,0.129583598687089,0.1731441543019726,-0.3009969283657472,7.826960712989626,6.555231417287699,-1.5077462567670252,Inner Race
0.898,-2.104,-0.114307080078125,0.1282812271258363,0.1718190327911808,-0.3652007286425114,9.565495516780532,5.226429141242918,-1.503135524708954,Inner Race
1.36,-4.062,-0.115046533203125,0.1319187603145425,0.1750366797497384,-1.785450341187814,55.438133088110725,7.769800032453096,-1.5214424535565576,Inner Race
2.615,-1.643,-0.1136119873046875,0.1320893954734769,0.1742264792988344,1.5970876311967983,33.956231861496434,15.00919958047671,-1.5335219762646126,Inner Race
1.821,-1.741,-0.1146166015625,0.1300594684984552,0.1733551779573064,0.0553115791478202,10.452459555845907,10.504445390425383,-1.5124787822536905,Inner Race
1.848,-1.24,-0.1135324951171875,0.1294294611683164,0.1721662100466753,0.9816072462271506,16.900540320432164,10.733813560157916,-1.516448747726072,Inner Race
0.93,-1.101,-0.1143312744140625,0.1241638053196885,0.1687836321375359,0.0360618387157581,5.056528939066624,5.510012956956485,-1.4762682652015984,Inner Race
0.967,-1.553,-0.1144013916015624,0.1276534232318931,0.1714137597346467,0.0177541425997789,5.920070021683909,5.64132075217849,-1.4983537991534848,Inner Race
1.265,-2.688,-0.115272998046875,0.1283274567809527,0.1724975309775747,-0.4028127671030498,16.960930157540208,7.333438298107895,-1.4964261700509411,Inner Race
0.796,-1.199,-0.114409619140625,0.1255460519595398,0.1698557838423157,-0.0783947066076953,5.331831537795166,4.686328495819489,-1.4846285226554237,Inner Race
2.207,-2.617,-0.1146280029296875,0.132016268119632,0.1748354901282872,-0.0533143392365718,19.608004827147703,12.62329518097608,-1.525242398539656,Inner Race
1.465,-1.069,-0.1144357666015624,0.1248755398846553,0.1693784650677616,0.1496040571334997,6.276433882913226,8.649269548014335,-1.4801182366130008,Inner Race
1.052,-1.541,-0.11431591796875,0.1281840013882647,0.1717523396117484,0.0500182743207166,6.95521854250487,6.12509851323178,-1.502435904496691,Inner Race
1.235,-1.455,-0.1147486572265625,0.1261624646639365,0.1705398288598269,-0.0925946636234415,6.237372316077867,7.241710093511896,-1.4862032635650717,Inner Race
1.846,-2.925,-0.1154411865234375,0.1355455791474765,0.1780416328347416,-0.9439404206721468,31.83874589898861,10.36836143663914,-1.5422713348376285,Inner Race
2.644,-0.972,-0.11443701171875,0.1296243720573087,0.1729100843375683,0.5656365368815831,15.394005902800718,15.2911844912306,-1.510962945821468,Inner Race
0.579,-1.333,-0.1147664306640625,0.1255600914576901,0.1701066879294294,-0.1413522111051974,4.818610340778079,3.403746243299993,-1.4821989927294654,Inner Race
1.985,-1.323,-0.1140947509765625,0.1326329658576795,0.1749533833697967,0.4014111332520244,12.41612348264072,11.345879466671024,-1.5334043141540827,Inner Race
1.562,-3.628,-0.1143071533203125,0.134046557471325,0.1761651673473602,-1.6692029701255282,52.40273555554229,8.866679057614542,-1.541156106422392,Inner Race
1.575,-2.039,-0.11502880859375,0.1282130656372395,0.1722492835219587,0.1216354509063359,11.85879563717056,9.143724535720438,-1.4974447325651754,Inner Race
1.062,-1.787,-0.1150314453125,0.1290837144058029,0.1729000634285417,-0.131760212515763,6.722631095810714,6.142276520557302,-1.5030678173158043,Inner Race
2.524,-1.711,-0.1263006591796875,0.1327613138449021,0.1832402593628572,0.5000677829775727,17.91065850715831,13.774265594123111,-1.4508258353755856,Inner Race
1.963,-1.421,-0.1135177978515625,0.1352365875721643,0.1765638086926057,0.382393426585018,12.61235185379285,11.117793700392737,-1.5553843717395142,Inner Race
1.96,-2.642,-0.1148203369140625,0.1345933721838485,0.1769142259259015,-0.5964651112693895,22.960613528980257,11.078815113607217,-1.5407917332476857,Inner Race
1.621,-2.366,-0.1151587890625,0.1361182422181022,0.1782954576394018,-0.2122532336888759,12.73252841578521,9.09165057518421,-1.548257489427366,Inner Race
3.044,-2.612,-0.11442646484375,0.1422363676066396,0.1825489145439431,1.562242272841695,52.20110036398731,16.67498274424003,-1.5953382357238317,Inner Race
1.213,-1.912,-0.1144749267578125,0.1362929922521652,0.1779883004104702,-0.4513439608379522,13.4380708799582,6.815054681698868,-1.5548234486930843,Inner Race
1.421,-1.985,-0.1150499755859375,0.136633651681584,0.1786191363600872,-0.038065796202081,12.532607679107992,7.955474586638552,-1.5525351956869058,Inner Race
2.104,-1.66,-0.113935009765625,0.1362354963885412,0.1775974205860775,0.5536882184796751,15.900593218036413,11.84701890971574,-1.5587607439663371,Inner Race
1.523,-4.045,-0.1147161376953124,0.1428496162232262,0.1832083701941035,-1.6303990901371588,53.170236531187314,8.31293896881692,-1.5970583901691957,Inner Race
2.622,-4.797,-0.1152781494140624,0.1425381856027836,0.1833185480617729,-1.831260440891569,81.88629462377662,14.302971672656184,-1.590228061376308,Inner Race
1.201,-1.855,-0.114098681640625,0.1358199134195397,0.1773840682418114,-0.0705105198268857,9.262127164349192,6.77061932282885,-1.554654845184939,Inner Race
1.602,-2.219,-0.115020751953125,0.1338579511341557,0.176485939983101,0.1748577682944636,13.110353306831072,9.07721034408404,-1.534383465472607,Inner Race
1.396,-2.69,-0.1151120361328124,0.1356816646441698,0.1779321374351091,-0.6380235162456419,19.109880761995274,7.845687800547628,-1.5457300853389206,Inner Race
3.054,-1.99,-0.1141629638671875,0.1427365572613833,0.1827742041218694,0.7076870955589517,29.593637244617483,16.709141285406258,-1.6009938593964808,Inner Race
2.029,-1.519,-0.1143033203124999,0.135748956650254,0.1774614841849932,0.3869022229060654,14.37476839087948,11.433466869266605,-1.5525488122289168,Inner Race
2.234,-3.799,-0.1147186035156249,0.1466374869117384,0.1861783703755705,-2.32893544349636,74.56459291668978,11.999245645417547,-1.6229135002520538,Inner Race
2.805,-1.45,-0.1152552978515625,0.1398137308238958,0.1811937796023957,0.9410401685841244,25.39007835199337,15.480663884572516,-1.5721080330359785,Inner Race
1.826,-2.253,-0.1146332519531249,0.136254389619793,0.1780606298164335,-0.042995701313635,22.345741901525347,10.25493396200194,-1.5533069749189778,Inner Race
3.586,-1.248,-0.1140977783203125,0.1366722800230824,0.1780369599449656,0.9545404031448184,34.396741192403475,20.14188515187237,-1.5603893657346548,Inner Race
1.379,-1.899,-0.114263427734375,0.1369549796902016,0.1783601397541642,-0.056174099390792,9.50727079778594,7.731548102063001,-1.5609556206277395,Inner Race
1.936,-3.445,-0.11465302734375,0.1426864809370479,0.1830416659256677,-0.7162116331213142,42.43344847389948,10.576826812678812,-1.5964834960430352,Inner Race
1.746,-1.335,-0.113800537109375,0.1330896783439861,0.1751085157414003,0.417649301054141,10.874946177932848,9.9709599650681,-1.5387318916878354,Inner Race
1.509,-3.247,-0.113999755859375,0.1410885874251961,0.1813875625602883,-1.2312214931811494,35.30102326805949,8.319203250214299,-1.5911223773499994,Inner Race
1.885,-3.125,-0.1152416748046875,0.1425456730131626,0.1833014359754556,-0.5876430716341882,31.697636637430318,10.283607381299536,-1.5905828884048794,Inner Race
1.477,-2.446,-0.11470244140625,0.1376178388898009,0.1791503761519652,-0.5953791534339002,14.503777288938078,8.244470548848458,-1.561870645084661,Inner Race
1.465,-2.69,-0.1141743408203125,0.1412815737073327,0.1816473942959055,-0.4049276219721509,17.270779128531153,8.06507577870068,-1.590965123957073,Inner Race
2.539,-2.397,-0.1150599121093749,0.1436305096700587,0.1840326140317083,-0.3099980743864501,27.584401174681265,13.79646761721559,-1.5994503268590066,Inner Race
0.867,-1.934,-0.114501953125,0.1330983786306028,0.1755717607249597,-0.2258106902842724,8.075578831649077,4.938151764384198,-1.53335166722694,Inner Race
1.638,-2.402,-0.1143162353515625,0.1344368077383282,0.1764681719127905,-0.3022784384583098,14.105751757522055,9.282127095471298,-1.5436842489615672,Inner Race
1.782,-2.131,-0.11528671875,0.1397904697864845,0.1811958219134929,-0.1006762523006862,22.25781823910341,9.834663852518451,-1.5716972768252453,Inner Race
1.843,-2.156,-0.1153306396484375,0.1363388098801982,0.1785748406300694,0.1760748937937069,16.46932797370856,10.320602798789034,-1.5483729317241215,Inner Race
1.763,-3.525,-0.1146448730468749,0.1392926102434118,0.1804034492247515,-1.6871470556662516,47.72795434988961,9.77254042301379,-1.573584970964988,Inner Race
2.373,-1.841,-0.113396923828125,0.1406896315351792,0.1806985099929489,0.7797632684089562,25.62438190302815,13.132371706289094,-1.5935045139922186,Inner Race
2.554,-2.473,-0.1145681396484375,0.1397088651506786,0.180676365628379,0.0340393583362211,19.88065354083495,14.135772496404703,-1.577021030303891,Inner Race
2.083,-1.289,-0.1158026611328125,0.1367369567256831,0.1791836911954592,0.1356010216699152,12.08067738892204,11.624941902373235,-1.5473192881980136,Inner Race
1.885,-1.521,-0.1146140869140625,0.1325120463932004,0.1752010349887603,0.3845369941542331,10.640302344799537,10.759068861213798,-1.528616941477061,Inner Race
1.165,-2.422,-0.1144742919921875,0.1339110212002843,0.1761706199373254,-0.6315865481645524,14.100232933399573,6.612907421308169,-1.5389535665295793,Inner Race
2.407,-1.768,-0.11451298828125,0.1357876542449413,0.1776261843787484,0.5141412372437507,19.918628799710508,13.550930052449964,-1.5511444338740772,Inner Race
2.966,-1.621,-0.1147191650390625,0.141047785376445,0.181808907597609,1.4083013665707471,35.82483828137523,16.31383213942707,-1.5848172145927149,Inner Race
2.007,-2.72,-0.1169707763671874,0.1380815947908117,0.1809647033333823,-0.232100460139137,25.946186788671422,11.090560551482811,-1.5470932907661397,Inner Race
1.899,-2.959,-0.114802978515625,0.1344426859755311,0.1767883435303446,-0.5069556474309365,30.89293132117421,10.741658426558246,-1.5399281953846102,Inner Race
1.775,-2.668,-0.1132936279296874,0.1339541503127748,0.1754386571896953,-0.3268066397047409,19.66696468826186,10.117496499535775,-1.548530666690067,Inner Race
1.79,-2.522,-0.1141787841796875,0.1328757828771775,0.1751922868676863,0.101375421605387,18.00448421812249,10.217344792992485,-1.5343681238712394,Inner Race
1.531,-3.086,-0.115825390625,0.1413626286815482,0.1827523625712965,-0.7575778727586401,23.95636944260788,8.377456676669317,-1.577826429810899,Inner Race
1.045,-2.717,-0.117420458984375,0.1339963755453038,0.1781632804260954,-0.944986608452815,19.863847585720137,5.865406145984613,-1.517310373056908,Inner Race
1.846,-2.368,-0.1150021484375,0.1440790937938674,0.1843468811979792,-0.2207907178589987,18.257804029490703,10.013730571430113,-1.602986411146622,Inner Race
1.448,-1.492,-0.114508935546875,0.1398210785274378,0.1807256291380493,-0.0106901790865203,10.495732749801718,8.012145299513266,-1.578266606662046,Inner Race
1.75,-3.564,-0.114381640625,0.1416076506812293,0.1820313074034244,-0.6416423595929756,40.76944740433363,9.613730873896246,-1.5914381574593228,Inner Race
2.454,-2.058,-0.1146137451171875,0.1366157735343743,0.1783247725003587,0.2714064084401295,18.579774906264323,13.761408275426588,-1.555875975591143,Inner Race
3.04,-3.691,-0.11412236328125,0.1506553005161242,0.1889983577919312,0.1165908825390242,61.53632160492522,16.084795844346665,-1.6561027335733698,Inner Race
2.139,-2.131,-0.1136974365234375,0.1422877261052101,0.1821329453724368,0.4272088773500195,21.01482068683269,11.744168500795055,-1.6019089870587546,Inner Race
1.711,-1.868,-0.11408486328125,0.1393534973614467,0.1800951946898934,0.0213312500556637,14.014970450951548,9.50053111048397,-1.578607271026921,Inner Race
3.882,-2.839,-0.1141845458984374,0.1420054436782875,0.1822173543694409,1.0080708994773793,78.30416095400076,21.304227654021066,-1.5958145030546944,Inner Race
3.025,-2.295,-0.115046435546875,0.1463602182999461,0.1861624904527292,0.9353022461825444,43.0844408172048,16.24924544489866,-1.6181508759293837,Inner Race
2.319,-1.799,-0.1153983154296875,0.1382435838330367,0.180076631162459,0.450907618770592,22.13463756764561,12.87785086288002,-1.5604788552756663,Inner Race
2.62,-2.004,-0.1140586181640625,0.140269870672628,0.1807886186511448,0.535761107342573,23.715601358125568,14.492062716932594,-1.585050051992542,Inner Race
3.503,-3.064,-0.1148771728515625,0.1472265585380865,0.1867401809746089,0.7503443117776142,59.559823067833946,18.75868375899402,-1.625563863900999,Inner Race
1.902,-4.583,-0.115441748046875,0.1434454067125278,0.1841273459891703,-1.6787614550391523,64.80882248191294,10.329807285181142,-1.5949805776884596,Inner Race
1.682,-3.579,-0.1153557373046874,0.142436136114422,0.1832880347609287,-1.8315309488896463,60.14532954626326,9.176812890126254,-1.588893964387854,Inner Race
1.235,-2.856,-0.1157058349609374,0.1362597394134103,0.1787571076629935,-0.920306748473966,20.787868851879796,6.908816192798979,-1.5449273385680355,Inner Race
1.736,-1.87,-0.114419140625,0.1360351994251755,0.1777550658286125,0.038996179840238,9.413474833750977,9.76624768418028,-1.5535430947798428,Inner Race
1.665,-3.66,-0.114505908203125,0.1398373416000516,0.1807362932972892,-0.8597690692074609,38.264260632814405,9.212316849174712,-1.5784014653346656,Inner Race
1.687,-1.611,-0.1144065673828124,0.1351279507942419,0.1770536075770688,0.2275628357274746,11.206751929010474,9.528187666357908,-1.5475825525350737,Inner Race
1.858,-2.668,-0.1154717529296875,0.1362623430784081,0.1786076665755709,-0.7158668224314625,20.45987388518821,10.402688952961936,-1.5467650056748323,Inner Race
1.873,-1.65,-0.1137876953124999,0.1383127596707632,0.1791021832391097,-0.0033203129693822,8.657484595315822,10.457717299288632,-1.5740030830858622,Inner Race
2.456,-1.863,-0.114928759765625,0.1391456999747225,0.1804706983119939,0.7472495841431666,24.474105347542075,13.60885740993875,-1.5702831795977708,Inner Race
0.967,-0.94,-0.114133447265625,0.1353616388610865,0.1770558378776664,0.0535698855445963,5.098973768234695,5.461553889390144,-1.5513054421777075,Inner Race
1.038,-1.392,-0.114190673828125,0.1360839157315733,0.1776454052043969,0.0687172894834191,6.681210474923061,5.843100747839147,-1.5556910144149017,Inner Race
1.211,-1.34,-0.1147523193359375,0.1360616034650858,0.177989895103034,0.1432858083819679,6.297921046963007,6.803757029571716,-1.5510788464498786,Inner Race
1.091,-1.255,-0.114847607421875,0.1365029012011007,0.1783887890496309,-0.0296668090907042,6.128190240354522,6.115855182449073,-1.5532651750797666,Inner Race
1.812,-1.306,-0.11464765625,0.1429569004353739,0.1832491787797083,0.3175868810001063,10.607870298513705,9.88817528169271,-1.598368294421268,Inner Race
1.956,-1.738,-0.114995166015625,0.1419527318050534,0.1826854518466269,-0.0112865018784549,11.193457868552436,10.706928111835389,-1.5886359242422805,Inner Race
1.367,-2.617,-0.1142296630859374,0.1413209240290716,0.1817127731040932,-0.268657418746278,13.23489615039254,7.522861363284136,-1.5907669531283373,Inner Race
1.587,-2.163,-0.1146889160156249,0.1450113208177503,0.1848819007808177,-0.0656388781084355,15.828207365768629,8.583858091557754,-1.612029367821645,Inner Race
0.786,-1.25,-0.1153770996093749,0.1380165621687574,0.1798888031372175,-0.1163388571721617,5.2482433308379495,4.3693658876614245,-1.5591378509795777,Inner Race
2.422,-2.92,-0.1144842529296875,0.1474511467100495,0.1866760671010622,-0.3517440470395857,30.47830625804169,12.974346618780988,-1.6305829170734305,Inner Race
1.465,-1.66,-0.1133578369140625,0.1449601652274845,0.1840188459613452,0.0940716580416929,9.96895054185239,7.961141112186606,-1.6233447194378934,Inner Race
1.123,-2.158,-0.1143155517578125,0.1387238804603379,0.1797550849121042,0.0172436800430541,8.63245046540225,6.247389332819814,-1.572446461990851,Inner Race
1.086,-1.641,-0.1147405761718749,0.1411003788482371,0.1818632196571437,-0.1512462091409541,6.411654515850534,5.97152080584174,-1.5849948268058436,Inner Race
